{
  "IcoMoonType": "selection",
  "icons": [
    {
      "icon": {
        "paths": [
          "M53.895 0h1699.269c29.765 0 53.895 24.129 53.895 53.895v72.916c0 29.765-24.129 53.895-53.895 53.895h-1699.269c-29.765 0-53.895-24.129-53.895-53.895v-72.916c0-29.765 24.129-53.895 53.895-53.895z",
          "M53.895 421.647h1699.269c29.765 0 53.895 24.129 53.895 53.895v72.916c0 29.765-24.129 53.895-53.895 53.895h-1699.269c-29.765 0-53.895-24.129-53.895-53.895v-72.916c0-29.765 24.129-53.895 53.895-53.895z",
          "M53.895 843.296h1170.373c29.765 0 53.895 24.129 53.895 53.895v72.916c0 29.765-24.129 53.895-53.895 53.895h-1170.373c-29.765 0-53.895-24.129-53.895-53.895v-72.916c0-29.765 24.129-53.895 53.895-53.895z"
        ],
        "attrs": [
          {
            "fill": "rgb(57, 81, 94)"
          },
          {
            "fill": "rgb(57, 81, 94)"
          },
          {
            "fill": "rgb(57, 81, 94)"
          }
        ],
        "width": 1832,
        "isMulticolor": false,
        "isMulticolor2": false,
        "grid": 0,
        "tags": [
          "icon-open"
        ]
      },
      "attrs": [
        {
          "fill": "rgb(57, 81, 94)"
        },
        {
          "fill": "rgb(57, 81, 94)"
        },
        {
          "fill": "rgb(57, 81, 94)"
        }
      ],
      "properties": {
        "order": 139,
        "id": 0,
        "name": "icon-open",
        "prevSize": 32
      },
      "setIdx": 0,
      "setId": 9,
      "iconIdx": 1
    }
  ],
  "height": 1024,
  "preferences": {
    "showGlyphs": true,
    "showQuickUse": true,
    "showQuickUse2": true,
    "showSVGs": true,
    "fontPref": {
      "prefix": "icon-",
      "metadata": {
        "fontFamily": "icomoon"
      },
      "metrics": {
        "emSize": 1024,
        "baseline": 6.25,
        "whitespace": 50
      },
      "embed": false
    },
    "imagePref": {
      "prefix": "icon-",
      "png": false,
      "useClassSelector": false,
      "color": 0,
      "bgColor": 16777215,
      "classSelector": ".icon",
      "name": "icomoon",
      "height": 34,
      "columns": 16,
      "margin": 16,
      "autoHost": false,
      "overrideSize": true
    },
    "historySize": 50,
    "showCodes": true,
    "gridSize": 16,
    "quickUsageToken": {
      "UntitledProject": "YmI3MTMzZDgxNmQwOWYzNDBkZGVmY2I4ZjU5N2Y3MzgjMSMxNjcyNzMzOTYwIyMjYTVjZmJlNGM0ZDJm"
    }
  }
}